Age(Y),BMI(kg/m2),BMIStatus,Gender,InheritStatus,HbA1c(%),HbA1cStatus,Alzheimer's,Smoking,Cholestrol(mg/dL),HDLCholestrol(mg/dL),LDLCholestrol(mg/dL),CholestrolStatus,LDLCholestrolStatus,HDLCholestrolStatus,RandomGlucose(mg/dL),SugarBloodLevel,DiabetesType,InsulinUsage,Hypertension
23,68.8578970615117,Morbidly-Obese,0,1,2.1532973257173396,Non-diabetes,0,0,215,68,122,At-Risk,At-Risk,Heart-Healthy,375.24631431845813,Diabetes,Type 1,1,1
59,37.82177322180865,Severely-Obese,0,0,10.56057612542545,Diabetes,0,0,206,57,168,At-Risk,Dangerous,At-Risk,290.74251459266725,Diabetes,Type 1,1,1
35,58.56726994127043,Morbidly-Obese,1,0,2.1975834952611395,Non-diabetes,0,1,272,90,159,Dangerous,At-Risk,Heart-Healthy,271.4425944231141,Diabetes,Type 1,1,1
73,69.71440429850831,Morbidly-Obese,0,0,6.546905581208213,Diabetes,0,1,272,42,245,Dangerous,Dangerous,At-Risk,370.8877258766421,Diabetes,Type 1,1,1
14,64.12803145044838,Morbidly-Obese,1,1,2.2855926956781647,Non-diabetes,0,0,160,49,210,Heart-Healthy,Dangerous,Dangerous,276.07797999547097,Diabetes,Type 1,1,0
22,34.63325668513506,Moderate-Obese,1,0,8.787817630143673,Diabetes,0,1,254,40,174,Dangerous,Dangerous,Dangerous,298.7227448912129,Diabetes,Type 1,1,1
82,57.25314443670304,Morbidly-Obese,0,0,9.324530581423218,Diabetes,0,0,223,49,150,At-Risk,At-Risk,At-Risk,179.44480964247063,Pre-Diabetes,Type 2,0,1
47,6.159440237106201,Under-weight,0,0,14.357289068777776,Diabetes,1,0,249,90,180,Dangerous,Dangerous,Heart-Healthy,113.88402753568946,Impaired-Tolerance,Type 1,1,1
54,29.16640793628408,Over-weight,1,1,14.662391204407484,Diabetes,0,0,165,91,155,Heart-Healthy,At-Risk,Heart-Healthy,150.8873222319009,Pre-Diabetes,Type 1,1,0
62,25.019650433500477,Over-weight,1,0,14.652421855287619,Diabetes,0,0,284,75,64,Dangerous,Heart-Healthy,Heart-Healthy,116.7193867832024,Impaired-Tolerance,Type 1,1,1
14,52.49450950290633,Morbidly-Obese,0,1,7.091083907671349,Diabetes,0,0,226,43,204,At-Risk,Dangerous,At-Risk,93.17898783950551,Fasting,Type 2,0,1
89,61.31086516879329,Morbidly-Obese,1,0,9.625692548983654,Diabetes,0,1,186,57,235,Heart-Healthy,Dangerous,At-Risk,71.81373997898689,Fasting,Type 2,0,0
74,52.344583519631776,Morbidly-Obese,0,0,5.899768849085309,Prediabetes,0,1,276,82,134,Dangerous,At-Risk,Heart-Healthy,109.42006925383549,Impaired-Tolerance,None,0,1
87,48.551533864660954,Morbidly-Obese,0,1,10.337472330876805,Diabetes,0,1,238,73,132,At-Risk,At-Risk,Heart-Healthy,159.0912208072844,Pre-Diabetes,Type 1,1,1
27,52.82834679280892,Morbidly-Obese,0,0,3.1568852818545006,Non-diabetes,0,0,232,80,172,At-Risk,Dangerous,Heart-Healthy,181.31430811375418,Pre-Diabetes,None,0,1
0,24.318323414618924,Normal,0,0,6.48453847763511,Diabetes,0,1,297,40,124,Dangerous,At-Risk,At-Risk,361.05730109577115,Diabetes,Type 1,1,1
7,29.07449653618044,Over-weight,1,1,8.050366187080469,Diabetes,0,0,197,54,233,Heart-Healthy,Dangerous,At-Risk,368.9412191605976,Diabetes,Type 1,1,0
43,19.55165095325354,Normal,0,0,2.8615018602809354,Non-diabetes,0,1,227,66,123,At-Risk,At-Risk,Heart-Healthy,175.2309482732802,Pre-Diabetes,None,0,1
30,38.552948887040614,Severely-Obese,1,0,4.362772967565607,Non-diabetes,0,0,243,92,248,Dangerous,Dangerous,Heart-Healthy,94.04951888622075,Fasting,None,0,1
84,39.06167816115365,Severely-Obese,1,0,0.3107139307800866,Non-diabetes,0,1,172,53,94,Heart-Healthy,Heart-Healthy,At-Risk,260.32867120057085,Diabetes,Type 1,1,0
46,38.103763990574,Severely-Obese,0,0,4.743125678158694,Non-diabetes,0,1,217,54,189,At-Risk,Dangerous,At-Risk,145.40821847130871,Pre-Diabetes,None,0,1
14,39.043046326026385,Severely-Obese,0,0,14.078333105663397,Diabetes,0,0,241,42,176,Dangerous,Dangerous,At-Risk,227.1528419730082,Diabetes,Type 1,1,1
29,53.202746517475546,Morbidly-Obese,0,0,10.958778010199772,Diabetes,0,1,258,95,115,Dangerous,At-Risk,Heart-Healthy,168.59615626968827,Pre-Diabetes,Type 1,1,1
1,27.09295962541977,Over-weight,1,0,4.848797654791891,Non-diabetes,0,0,278,72,172,Dangerous,Dangerous,Heart-Healthy,314.7164430984893,Diabetes,Type 1,1,1
61,64.4392295684278,Morbidly-Obese,0,0,12.08816037481526,Diabetes,0,0,239,91,86,At-Risk,Heart-Healthy,Heart-Healthy,231.8555076439134,Diabetes,Type 1,1,1
6,13.862947878792276,Under-weight,1,0,5.456816069851499,Non-diabetes,0,1,258,49,243,Dangerous,Dangerous,Dangerous,382.1232201117064,Diabetes,Type 1,1,1
1,3.3942990737554446,Under-weight,1,0,5.628877809291884,Non-diabetes,0,0,297,72,117,Dangerous,At-Risk,Heart-Healthy,380.5889846615044,Diabetes,Type 1,1,1
46,11.084730774709344,Under-weight,1,0,13.228041297371494,Diabetes,0,1,241,67,117,Dangerous,At-Risk,Heart-Healthy,392.6242495894457,Diabetes,Type 1,1,1
24,23.11129263117617,Normal,1,0,9.915659308562743,Diabetes,0,1,201,54,115,At-Risk,At-Risk,At-Risk,319.74827834200335,Diabetes,Type 1,1,1
49,48.8394355416947,Morbidly-Obese,0,1,13.008010579593257,Diabetes,0,0,280,69,50,Dangerous,Heart-Healthy,Heart-Healthy,108.26959522545482,Impaired-Tolerance,Type 1,1,1
57,60.190457858130976,Morbidly-Obese,0,0,10.534069769113934,Diabetes,1,0,226,48,180,At-Risk,Dangerous,At-Risk,128.78118439894195,Impaired-Tolerance,Type 1,1,1
31,37.175462237273805,Severely-Obese,1,0,12.933905141523972,Diabetes,0,1,214,84,164,At-Risk,Dangerous,Heart-Healthy,189.61700501415726,Pre-Diabetes,Type 1,1,1
81,30.197592638565126,Moderate-Obese,1,0,3.922351052955989,Non-diabetes,0,1,259,64,121,Dangerous,At-Risk,Heart-Healthy,83.41558472084196,Fasting,None,0,1
52,53.681552011708426,Morbidly-Obese,0,0,7.34322689713095,Diabetes,1,1,164,83,160,Heart-Healthy,Dangerous,Heart-Healthy,263.6239623927329,Diabetes,Type 1,1,0
91,9.683370773599652,Under-weight,1,0,4.792548181618165,Non-diabetes,1,1,246,46,68,Dangerous,Heart-Healthy,Dangerous,266.4696590340801,Diabetes,Type 1,1,1
40,41.642563235414876,Morbidly-Obese,1,0,8.502778027003677,Diabetes,0,1,164,89,119,Heart-Healthy,At-Risk,Heart-Healthy,129.02417628467285,Impaired-Tolerance,Type 2,0,0
8,59.973247531334636,Morbidly-Obese,0,0,4.838417825488751,Non-diabetes,0,0,259,47,108,Dangerous,At-Risk,At-Risk,184.20321941915364,Pre-Diabetes,None,0,1
98,38.125613724344745,Severely-Obese,0,1,8.09542155111787,Diabetes,0,1,210,55,83,At-Risk,Heart-Healthy,At-Risk,267.10892120997016,Diabetes,Type 1,1,1
51,19.635473457268297,Normal,0,1,8.102689458309436,Diabetes,0,1,161,97,100,Heart-Healthy,At-Risk,Heart-Healthy,271.1975733379576,Diabetes,Type 1,1,0
56,13.43639223017638,Under-weight,0,0,12.35808617775453,Diabetes,1,0,188,94,239,Heart-Healthy,Dangerous,Heart-Healthy,89.48668453874447,Fasting,Type 1,1,0
5,69.95407919564725,Morbidly-Obese,1,0,8.478336009682614,Diabetes,0,0,223,43,131,At-Risk,At-Risk,Dangerous,378.7646251334242,Diabetes,Type 1,1,1
94,55.78179866518029,Morbidly-Obese,1,0,10.087430138037096,Diabetes,0,0,269,74,197,Dangerous,Dangerous,Heart-Healthy,150.4620133991068,Pre-Diabetes,Type 1,1,1
32,65.11265575557452,Morbidly-Obese,0,0,10.134491850007173,Diabetes,0,0,243,47,68,Dangerous,Heart-Healthy,At-Risk,73.15345082616825,Fasting,Type 1,1,1
73,33.29451591783305,Moderate-Obese,0,0,14.49744830335595,Diabetes,0,1,210,58,231,At-Risk,Dangerous,At-Risk,70.86807155643345,Fasting,Type 1,1,1
76,41.13242672092458,Morbidly-Obese,1,0,6.651318468167665,Diabetes,0,1,244,80,165,Dangerous,Dangerous,Heart-Healthy,379.3184804442294,Diabetes,Type 1,1,1
56,34.943840042216394,Morbidly-Obese,1,0,14.491726459674814,Diabetes,0,1,198,94,166,Heart-Healthy,Dangerous,Heart-Healthy,232.5065299551261,Diabetes,Type 1,1,0
13,32.66099869510268,Moderate-Obese,1,0,10.25881007173429,Diabetes,0,0,234,73,248,At-Risk,Dangerous,Heart-Healthy,155.40131059315,Pre-Diabetes,Type 1,1,1
52,34.862650641240464,Moderate-Obese,0,0,7.056684115511126,Diabetes,0,0,220,83,165,At-Risk,Dangerous,Heart-Healthy,374.4634857262258,Diabetes,Type 1,1,1
16,24.560422573323894,Normal,0,1,11.99146912596707,Diabetes,0,0,163,63,97,Heart-Healthy,Heart-Healthy,Heart-Healthy,360.70899745221175,Diabetes,Type 1,1,0
60,53.83060897378595,Morbidly-Obese,1,0,7.9294322897832705,Diabetes,0,0,190,50,111,Heart-Healthy,At-Risk,At-Risk,72.47202487689573,Fasting,Type 2,0,0
90,39.02676888655123,Severely-Obese,0,0,14.213294053302466,Diabetes,0,1,269,54,138,Dangerous,At-Risk,At-Risk,372.42795572608503,Diabetes,Type 1,1,1
57,67.2374290213928,Morbidly-Obese,1,0,6.976727824951895,Diabetes,1,0,198,43,215,Heart-Healthy,Dangerous,Dangerous,80.77115162452904,Fasting,Type 2,0,0
87,38.34685726491718,Severely-Obese,0,0,0.2695303883451089,Non-diabetes,0,0,202,89,200,At-Risk,Dangerous,Heart-Healthy,151.34178695038946,Pre-Diabetes,None,0,1
44,15.855389030735747,Under-weight,0,0,6.663988061681189,Diabetes,0,0,159,71,53,Heart-Healthy,Heart-Healthy,Heart-Healthy,383.5833986857166,Diabetes,Type 1,1,0
46,64.95948935726979,Morbidly-Obese,0,1,5.388792310014169,Non-diabetes,0,0,261,55,159,Dangerous,At-Risk,At-Risk,383.93669799385026,Diabetes,Type 1,1,1
32,23.3760651931492,Normal,0,0,5.277950097038039,Non-diabetes,0,0,210,90,136,At-Risk,At-Risk,Heart-Healthy,330.48489903332137,Diabetes,Type 1,1,1
40,4.946987114169636,Under-weight,0,0,13.563544884129465,Diabetes,0,0,153,41,120,Heart-Healthy,At-Risk,At-Risk,136.27051553803693,Impaired-Tolerance,Type 1,1,0
42,36.36281559972321,Severely-Obese,0,0,4.801737465621802,Non-diabetes,0,0,180,96,174,Heart-Healthy,Dangerous,Heart-Healthy,234.22384030860076,Diabetes,Type 1,1,0
79,11.71173232749171,Under-weight,0,1,14.804638302732283,Diabetes,0,0,156,92,52,Heart-Healthy,Heart-Healthy,Heart-Healthy,153.09496400117195,Pre-Diabetes,Type 1,1,0
77,4.997261557362878,Under-weight,0,0,6.807666038953916,Diabetes,0,0,268,60,160,Dangerous,Dangerous,Heart-Healthy,349.715153791912,Diabetes,Type 1,1,1
97,31.35956607751032,Moderate-Obese,0,0,5.053980059051244,Non-diabetes,0,1,213,65,150,At-Risk,At-Risk,Heart-Healthy,371.9337330458508,Diabetes,Type 1,1,1
28,48.76793321255073,Morbidly-Obese,0,0,6.841920376525017,Diabetes,0,0,231,45,147,At-Risk,At-Risk,At-Risk,214.93660082452084,Diabetes,Type 1,1,1
91,3.9387317134770394,Under-weight,0,0,11.224155457966694,Diabetes,0,1,196,79,156,Heart-Healthy,At-Risk,Heart-Healthy,203.8130374625302,Diabetes,Type 1,1,0
36,31.90550120446491,Moderate-Obese,1,0,14.27520680856255,Diabetes,0,1,278,82,121,Dangerous,At-Risk,Heart-Healthy,280.4639248278255,Diabetes,Type 1,1,1
71,45.936958971361804,Morbidly-Obese,0,0,14.68407686399084,Diabetes,0,0,191,95,94,Heart-Healthy,Heart-Healthy,Heart-Healthy,123.073331770766,Impaired-Tolerance,Type 1,1,0
9,12.693853018139032,Under-weight,0,0,4.303018919595761,Non-diabetes,0,1,152,79,130,Heart-Healthy,At-Risk,Heart-Healthy,231.31526963471333,Diabetes,Type 1,1,0
77,57.54931194304366,Morbidly-Obese,1,0,8.572471420187256,Diabetes,0,0,240,53,77,Dangerous,Heart-Healthy,At-Risk,328.25923666051665,Diabetes,Type 1,1,1
53,1.2811737473926788,Under-weight,1,1,2.76397557013853,Non-diabetes,0,1,261,82,65,Dangerous,Heart-Healthy,Heart-Healthy,80.68549117937626,Fasting,None,0,1
32,12.245422112979425,Under-weight,0,0,6.578219341011414,Diabetes,0,1,275,66,105,Dangerous,At-Risk,Heart-Healthy,152.5899602902951,Pre-Diabetes,Type 2,0,1
23,56.34775546667221,Morbidly-Obese,1,0,3.2465866151209544,Non-diabetes,0,0,205,58,183,At-Risk,Dangerous,At-Risk,236.1746766499526,Diabetes,Type 1,1,1
62,55.203654035668215,Morbidly-Obese,1,0,6.362453225376036,Prediabetes,1,0,240,68,170,Dangerous,Dangerous,Heart-Healthy,369.4370431599124,Diabetes,Type 1,1,1
20,10.245333953780174,Under-weight,0,0,4.008057820354558,Non-diabetes,1,1,207,93,70,At-Risk,Heart-Healthy,Heart-Healthy,192.9487253661498,Pre-Diabetes,None,0,1
4,64.88466323377042,Morbidly-Obese,0,0,2.6197237757787666,Non-diabetes,0,1,296,84,100,Dangerous,At-Risk,Heart-Healthy,165.60847003935532,Pre-Diabetes,None,0,1
4,24.8887355608383,Normal,1,0,10.65136717771623,Diabetes,0,1,231,80,176,At-Risk,Dangerous,Heart-Healthy,132.41210564104225,Impaired-Tolerance,Type 1,1,1
30,44.75605790432992,Morbidly-Obese,1,0,12.992310510048949,Diabetes,0,0,262,75,123,Dangerous,At-Risk,Heart-Healthy,274.12396314236133,Diabetes,Type 1,1,1
63,48.77486079913639,Morbidly-Obese,1,0,10.48633372729195,Diabetes,1,1,241,67,195,Dangerous,Dangerous,Heart-Healthy,333.9730286098937,Diabetes,Type 1,1,1
67,17.508324238303448,Under-weight,0,0,9.685029625173005,Diabetes,0,1,188,55,215,Heart-Healthy,Dangerous,At-Risk,341.24363864617317,Diabetes,Type 1,1,0
48,33.349919281532365,Moderate-Obese,1,0,4.212255308655639,Non-diabetes,0,0,233,98,127,At-Risk,At-Risk,Heart-Healthy,352.5815050678828,Diabetes,Type 1,1,1
65,34.93205645983244,Morbidly-Obese,0,0,12.780571272811954,Diabetes,1,0,203,45,212,At-Risk,Dangerous,At-Risk,350.160196171646,Diabetes,Type 1,1,1
81,2.154615012439536,Under-weight,0,0,5.1690284510241415,Non-diabetes,0,0,222,74,201,At-Risk,Dangerous,Heart-Healthy,314.13348156413963,Diabetes,Type 1,1,1
23,50.59198552209315,Morbidly-Obese,0,0,8.65379642156955,Diabetes,0,0,190,55,226,Heart-Healthy,Dangerous,At-Risk,206.75541963112352,Diabetes,Type 1,1,0
21,25.49932021054909,Over-weight,0,1,3.5616490461407935,Non-diabetes,0,1,203,61,69,At-Risk,Heart-Healthy,Heart-Healthy,362.88639457237235,Diabetes,Type 1,1,1
55,51.48977369691561,Morbidly-Obese,0,0,10.099819054028881,Diabetes,1,0,281,90,66,Dangerous,Heart-Healthy,Heart-Healthy,250.94421334107318,Diabetes,Type 1,1,1
38,64.11388550843603,Morbidly-Obese,1,0,14.975185807827264,Diabetes,1,0,242,87,57,Dangerous,Heart-Healthy,Heart-Healthy,318.6517618495419,Diabetes,Type 1,1,1
4,6.289875471096273,Under-weight,0,0,11.86396291488281,Diabetes,0,1,166,86,124,Heart-Healthy,At-Risk,Heart-Healthy,93.97879551334526,Fasting,Type 1,1,0
62,66.09658948283277,Morbidly-Obese,1,0,14.917049188566107,Diabetes,0,1,199,67,173,Heart-Healthy,Dangerous,Heart-Healthy,93.8605575067929,Fasting,Type 1,1,0
11,62.141338867396314,Morbidly-Obese,0,1,13.63840886466177,Diabetes,0,1,192,78,154,Heart-Healthy,At-Risk,Heart-Healthy,81.29599559658219,Fasting,Type 1,1,0
30,49.27794520814633,Morbidly-Obese,0,0,3.5264200591783057,Non-diabetes,0,0,190,80,94,Heart-Healthy,Heart-Healthy,Heart-Healthy,398.5912289362232,Diabetes,Type 1,1,0
42,24.562842777245084,Normal,0,0,9.596696490541863,Diabetes,0,0,292,52,81,Dangerous,Heart-Healthy,At-Risk,330.2785029404556,Diabetes,Type 1,1,1
47,1.065831626603887,Under-weight,0,0,12.65333109601754,Diabetes,0,1,158,97,209,Heart-Healthy,Dangerous,Heart-Healthy,89.91031629719524,Fasting,Type 1,1,0
9,61.947385203972715,Morbidly-Obese,1,0,8.635065407380928,Diabetes,0,1,150,55,184,Heart-Healthy,Dangerous,At-Risk,237.2289280618326,Diabetes,Type 1,1,0
72,23.784587015856268,Normal,0,0,7.040834805532344,Diabetes,0,0,274,85,79,Dangerous,Heart-Healthy,Heart-Healthy,335.42917980165436,Diabetes,Type 1,1,1
36,48.534644721696516,Morbidly-Obese,1,0,3.948384793906853,Non-diabetes,1,1,186,98,220,Heart-Healthy,Dangerous,Heart-Healthy,289.25152820973494,Diabetes,Type 1,1,0
57,4.278036225860664,Under-weight,0,0,6.09340285339494,Prediabetes,0,0,269,45,156,Dangerous,At-Risk,At-Risk,80.16594970594748,Fasting,None,0,1
56,59.117094479215005,Morbidly-Obese,1,0,8.952111615616168,Diabetes,0,1,275,48,246,Dangerous,Dangerous,Dangerous,308.5572235823129,Diabetes,Type 1,1,1
29,51.422413402579515,Morbidly-Obese,0,1,9.072257190674755,Diabetes,0,0,165,96,160,Heart-Healthy,Dangerous,Heart-Healthy,324.7995364400223,Diabetes,Type 1,1,0
40,8.389191904107632,Under-weight,1,0,1.1886199782648506,Non-diabetes,1,0,292,66,244,Dangerous,Dangerous,Heart-Healthy,377.5990049093574,Diabetes,Type 1,1,1
3,56.407761311549805,Morbidly-Obese,0,0,13.694987791355443,Diabetes,0,1,264,81,74,Dangerous,Heart-Healthy,Heart-Healthy,151.6370862710126,Pre-Diabetes,Type 1,1,1
79,23.936232720206196,Normal,0,0,9.53602342900532,Diabetes,0,0,294,54,55,Dangerous,Heart-Healthy,At-Risk,207.1456571013583,Diabetes,Type 1,1,1
37,35.16004617858212,Severely-Obese,1,0,14.105582950846774,Diabetes,0,1,258,88,85,Dangerous,Heart-Healthy,Heart-Healthy,379.3585104154439,Diabetes,Type 1,1,1
